filename,width,height,class,xmin,ymin,xmax,ymax
75670582-71E3-4684-ABA6-658AA3A6E811_1_105_c.jpeg,768,1024,rsa,192,503,388,603
75670582-71E3-4684-ABA6-658AA3A6E811_1_105_c.jpeg,768,1024,lbl1,208,522,274,590
75670582-71E3-4684-ABA6-658AA3A6E811_1_105_c.jpeg,768,1024,lcd,288,523,374,559
75670582-71E3-4684-ABA6-658AA3A6E811_1_105_c.jpeg,768,1024,lbl2,329,552,375,568
900DB609-7E10-48E3-87B6-D4C7DA25200E_1_105_c.jpeg,768,1024,rsaback,229,419,494,543
2021-10-21T18_01_18Z_full.jpg,1920,1080,rsa,909,382,1680,740
2021-10-21T18_01_18Z_full.jpg,1920,1080,lcd,1269,509,1614,617
2021-10-21T18_01_18Z_full.jpg,1920,1080,lbl1,969,440,1209,689
2021-10-21T18_01_18Z_full.jpg,1920,1080,lbl2,1426,635,1606,676
IMG_0193.jpg,768,1024,rsa,275,491,495,609
IMG_0193.jpg,768,1024,lcd,378,515,478,560
IMG_0193.jpg,768,1024,lbl1,292,519,363,592
IMG_0193.jpg,768,1024,lbl2,425,554,476,571
2021-08-13T19_04_12Z_full.jpg,640,480,rsa,134,161,476,326
2021-08-13T19_04_12Z_full.jpg,640,480,lcd,294,215,449,263
2021-08-13T19_04_12Z_full.jpg,640,480,lbl1,159,191,268,300
2021-08-13T19_04_12Z_full.jpg,640,480,lbl2,364,268,446,289
IMG_0142.jpg,768,1024,rsa,381,430,498,533
IMG_0142.jpg,768,1024,lcd,430,440,485,483
IMG_0142.jpg,768,1024,lbl1,392,478,435,517
IMG_0142.jpg,768,1024,lbl2,464,455,490,476
IMG_0205.jpg,768,1024,rsa,267,484,626,654
IMG_0205.jpg,768,1024,lcd,431,529,596,578
IMG_0205.jpg,768,1024,lbl1,290,505,406,616
IMG_0205.jpg,768,1024,lbl2,508,581,597,602
IMG_0451.JPEG,1773,1773,rsa,452,456,1082,867
IMG_0451.JPEG,1773,1773,lbl1,532,623,733,831
IMG_0451.JPEG,1773,1773,lcd,782,556,1043,725
IMG_0451.JPEG,1773,1773,lbl2,908,645,1036,720
IMG_0229.jpg,768,1024,rsa,1,497,620,809
IMG_0229.jpg,768,1024,lcd,279,574,569,663
IMG_0229.jpg,768,1024,lbl1,28,540,229,737
IMG_0229.jpg,768,1024,lbl2,409,667,564,708
IMG_0172.jpg,768,1024,rsa,237,490,600,660
IMG_0172.jpg,768,1024,lcd,404,549,569,599
IMG_0172.jpg,768,1024,lbl1,263,515,375,632
IMG_0172.jpg,768,1024,lbl2,478,604,567,627
19CCD5B4-ADDB-4647-9CF6-65A0A0785FE7_1_105_c.jpeg,768,1024,rsa,154,499,469,642
19CCD5B4-ADDB-4647-9CF6-65A0A0785FE7_1_105_c.jpeg,768,1024,lbl1,175,518,274,617
19CCD5B4-ADDB-4647-9CF6-65A0A0785FE7_1_105_c.jpeg,768,1024,lcd,297,544,441,588
19CCD5B4-ADDB-4647-9CF6-65A0A0785FE7_1_105_c.jpeg,768,1024,lbl2,357,594,432,616
IMG_0135.jpg,768,1024,rsa,253,493,539,664
IMG_0135.jpg,768,1024,lcd,377,522,515,589
IMG_0135.jpg,768,1024,lbl1,275,544,365,637
IMG_0135.jpg,768,1024,lbl2,447,567,516,593
2021-10-27T22_05_03Z_full.jpg,1920,1080,rsa,246,2,1509,414
2021-10-27T22_05_03Z_full.jpg,1920,1080,lcd,842,37,1405,209
2021-10-27T22_05_03Z_full.jpg,1920,1080,lbl1,347,1,739,331
2021-10-27T22_05_03Z_full.jpg,1920,1080,lbl2,1096,235,1398,297
5C531EF6-3CDE-4AC1-8EC9-1B3BA25E0D23_1_105_c.jpeg,768,1024,rsa,235,339,524,670
5C531EF6-3CDE-4AC1-8EC9-1B3BA25E0D23_1_105_c.jpeg,768,1024,lbl1,258,367,368,479
5C531EF6-3CDE-4AC1-8EC9-1B3BA25E0D23_1_105_c.jpeg,768,1024,lcd,346,477,474,630
5C531EF6-3CDE-4AC1-8EC9-1B3BA25E0D23_1_105_c.jpeg,768,1024,lbl2,366,566,428,644
IMG_0227.jpg,768,1024,rsa,266,609,501,723
IMG_0227.jpg,768,1024,lcd,376,630,480,667
IMG_0227.jpg,768,1024,lbl1,285,624,360,692
IMG_0227.jpg,768,1024,lbl2,426,665,482,680
IMG_0437.JPEG,1773,1773,rsa,468,674,1103,1282
IMG_0437.JPEG,1773,1773,lbl1,822,717,1057,948
IMG_0437.JPEG,1773,1773,lcd,543,918,840,1206
IMG_0437.JPEG,1773,1773,lbl2,513,975,663,1118
IMG_0448.JPEG,1773,1773,rsa,519,374,1189,728
IMG_0448.JPEG,1773,1773,lbl1,576,461,800,685
IMG_0448.JPEG,1773,1773,lcd,847,464,1136,598
IMG_0448.JPEG,1773,1773,lbl2,981,567,1138,615
IMG_0219.jpg,768,1024,rsa,223,541,402,628
IMG_0219.jpg,768,1024,lcd,308,558,389,589
IMG_0219.jpg,768,1024,lbl1,236,552,294,610
IMG_0219.jpg,768,1024,lbl2,345,586,389,598
8E253987-BCEF-40E8-A0E0-E2FD78FD80DA_1_105_c.jpeg,768,1024,rsa,245,370,514,499
8E253987-BCEF-40E8-A0E0-E2FD78FD80DA_1_105_c.jpeg,768,1024,lbl1,262,387,348,477
8E253987-BCEF-40E8-A0E0-E2FD78FD80DA_1_105_c.jpeg,768,1024,lcd,368,412,491,448
8E253987-BCEF-40E8-A0E0-E2FD78FD80DA_1_105_c.jpeg,768,1024,lbl2,423,452,490,470
2021-11-13T20_04_52Z_full.jpg,1088,1088,rsa,258,262,466,641
2021-11-13T20_04_52Z_full.jpg,1088,1088,lbl1,283,288,407,410
2021-11-13T20_04_52Z_full.jpg,1088,1088,lcd,340,437,420,609
2021-11-13T20_04_52Z_full.jpg,1088,1088,lbl2,325,520,358,612
FB0F95EB-4FE0-4D96-9220-BBC58DA92DB4_1_105_c.jpeg,768,1024,rsa,247,538,594,696
FB0F95EB-4FE0-4D96-9220-BBC58DA92DB4_1_105_c.jpeg,768,1024,lbl1,268,562,374,674
FB0F95EB-4FE0-4D96-9220-BBC58DA92DB4_1_105_c.jpeg,768,1024,lcd,404,595,558,640
FB0F95EB-4FE0-4D96-9220-BBC58DA92DB4_1_105_c.jpeg,768,1024,lbl2,474,648,561,675
2021-11-13T20_05_03Z_full.jpg,1088,1088,rsa,354,242,732,504
2021-11-13T20_05_03Z_full.jpg,1088,1088,lbl1,384,349,508,477
2021-11-13T20_05_03Z_full.jpg,1088,1088,lcd,520,284,692,401
2021-11-13T20_05_03Z_full.jpg,1088,1088,lbl2,612,342,704,392
IMG_0450.JPEG,1773,1773,rsa,487,418,982,1082
IMG_0450.JPEG,1773,1773,lbl1,527,467,730,701
IMG_0450.JPEG,1773,1773,lcd,671,720,873,1026
IMG_0450.JPEG,1773,1773,lbl2,694,886,787,1033
IMG_0449.JPEG,1773,1773,rsa,494,261,1089,813
IMG_0449.JPEG,1773,1773,lbl1,568,540,778,764
IMG_0449.JPEG,1773,1773,lcd,774,347,1028,590
IMG_0449.JPEG,1773,1773,lbl2,925,431,1052,548
IMG_0433.JPEG,1773,1773,rsa,511,483,1171,1101
IMG_0433.JPEG,1773,1773,lbl1,570,796,819,1039
IMG_0433.JPEG,1773,1773,lcd,798,561,1094,833
IMG_0433.JPEG,1773,1773,lbl2,992,639,1125,780
IMG_0442.JPEG,1773,1773,rsa,778,483,1394,1074
IMG_0442.JPEG,1773,1773,lbl1,835,772,1067,1002
IMG_0442.JPEG,1773,1773,lcd,1043,552,1319,807
IMG_0442.JPEG,1773,1773,lbl2,1221,629,1352,758
2021-11-13T20_05_14Z_full.jpg,1088,1088,rsa,476,152,834,465
2021-11-13T20_05_14Z_full.jpg,1088,1088,lbl1,507,182,630,307
2021-11-13T20_05_14Z_full.jpg,1088,1088,lcd,630,280,793,416
2021-11-13T20_05_14Z_full.jpg,1088,1088,lbl2,676,375,757,445
IMG_0174.jpg,768,1024,rsa,287,443,534,562
IMG_0174.jpg,768,1024,lcd,406,472,515,509
IMG_0174.jpg,768,1024,lbl1,307,459,387,538
IMG_0174.jpg,768,1024,lbl2,458,510,515,524
EE8C048B-981E-4BA8-A433-58B14478F2E5_1_105_c.jpeg,768,1024,rsaback,212,555,371,632
2021-10-23T07_13_54Z_full.jpg,1920,1080,rsa,245,1,1502,388
2021-10-23T07_13_54Z_full.jpg,1920,1080,lcd,834,17,1402,194
2021-10-23T07_13_54Z_full.jpg,1920,1080,lbl1,339,2,732,306
2021-10-23T07_13_54Z_full.jpg,1920,1080,lbl2,1087,214,1386,285
2021-08-09T15_07_18Z_full.jpg,640,480,rsa,103,177,517,371
2021-08-09T15_07_18Z_full.jpg,640,480,lcd,295,245,483,301
2021-08-09T15_07_18Z_full.jpg,640,480,lbl1,133,207,262,342
2021-08-09T15_07_18Z_full.jpg,640,480,lbl2,379,308,479,333
IMG_0436.JPEG,1773,1773,rsa,359,710,1071,1088
IMG_0436.JPEG,1773,1773,lbl1,794,780,1027,1029
IMG_0436.JPEG,1773,1773,lbl2,441,723,616,788
IMG_0436.JPEG,1773,1773,lcd,419,779,743,921
IMG_0237.jpg,768,1024,rsa,1,464,543,785
IMG_0237.jpg,768,1024,lcd,182,558,490,661
IMG_0237.jpg,768,1024,lbl1,1,514,129,737
IMG_0237.jpg,768,1024,lbl2,321,666,486,707
2021-10-23T07_15_55Z_full.jpg,1920,1080,rsa,242,2,1506,383
2021-10-23T07_15_55Z_full.jpg,1920,1080,lcd,839,20,1397,183
2021-10-23T07_15_55Z_full.jpg,1920,1080,lbl1,341,4,734,306
2021-10-23T07_15_55Z_full.jpg,1920,1080,lbl2,1088,216,1387,289
2021-08-09T15_06_18Z_full.jpg,640,480,rsa,103,177,517,373
2021-08-09T15_06_18Z_full.jpg,640,480,lcd,296,243,481,301
2021-08-09T15_06_18Z_full.jpg,640,480,lbl1,133,207,264,341
2021-08-09T15_06_18Z_full.jpg,640,480,lbl2,381,308,479,333
6A3E821F-2682-40D9-AC2A-DD2A632EDF21_1_105_c.jpeg,768,1024,rsa,209,398,551,563
6A3E821F-2682-40D9-AC2A-DD2A632EDF21_1_105_c.jpeg,768,1024,lbl1,232,421,341,526
6A3E821F-2682-40D9-AC2A-DD2A632EDF21_1_105_c.jpeg,768,1024,lcd,366,458,524,520
6A3E821F-2682-40D9-AC2A-DD2A632EDF21_1_105_c.jpeg,768,1024,lbl2,429,515,517,548
2021-08-13T19_06_13Z_full.jpg,640,480,rsa,136,162,476,323
2021-08-13T19_06_13Z_full.jpg,640,480,lcd,294,211,448,263
2021-08-13T19_06_13Z_full.jpg,640,480,lbl1,160,191,269,299
2021-08-13T19_06_13Z_full.jpg,640,480,lbl2,365,266,445,288
7A358356-C57E-41A1-9CCE-295CA3B8F51F_1_105_c.jpeg,768,1024,rsa,218,356,508,495
7A358356-C57E-41A1-9CCE-295CA3B8F51F_1_105_c.jpeg,768,1024,lbl1,238,375,330,473
7A358356-C57E-41A1-9CCE-295CA3B8F51F_1_105_c.jpeg,768,1024,lcd,352,400,488,442
7A358356-C57E-41A1-9CCE-295CA3B8F51F_1_105_c.jpeg,768,1024,lbl2,413,444,486,464
2021-11-13T20_04_35Z_full.jpg,1088,1088,rsa,319,267,508,658
2021-11-13T20_04_35Z_full.jpg,1088,1088,lbl1,351,506,475,629
2021-11-13T20_04_35Z_full.jpg,1088,1088,lcd,393,298,454,475
2021-11-13T20_04_35Z_full.jpg,1088,1088,lbl2,459,304,481,397
2021-08-14T09_01_34Z_full.jpg,640,480,rsa,135,162,474,323
2021-08-14T09_01_34Z_full.jpg,640,480,lcd,293,214,447,261
2021-08-14T09_01_34Z_full.jpg,640,480,lbl1,160,189,267,300
2021-08-14T09_01_34Z_full.jpg,640,480,lbl2,364,266,447,287
IMG_0159.jpg,768,1024,rsa,215,346,533,533
IMG_0159.jpg,768,1024,lcd,352,379,499,455
IMG_0159.jpg,768,1024,lbl1,235,402,332,505
IMG_0159.jpg,768,1024,lbl2,421,431,503,464
D01D6BB7-A2E6-4183-BF92-E5CAEE93B79A_1_105_c.jpeg,768,1024,rsaback,304,499,526,607
IMG_0192.jpg,768,1024,rsa,342,511,512,604
IMG_0192.jpg,768,1024,lcd,403,532,495,577
IMG_0192.jpg,768,1024,lbl2,451,562,497,581
IMG_0248.jpg,768,1024,rsa,174,470,481,616
IMG_0248.jpg,768,1024,lcd,316,514,455,555
IMG_0248.jpg,768,1024,lbl1,196,490,293,590
IMG_0248.jpg,768,1024,lbl2,379,560,453,581
0E73CE65-A01F-4A69-BD18-335E41CAEAF5_1_105_c.jpeg,768,1024,rsaback,276,506,510,621
IMG_0456.JPEG,1773,1773,rsa,433,245,1027,845
IMG_0456.JPEG,1773,1773,lbl1,482,582,703,799
IMG_0456.JPEG,1773,1773,lcd,673,333,952,609
IMG_0456.JPEG,1773,1773,lbl2,840,413,984,556
2021-08-12T02_10_15Z_full.jpg,640,480,rsa,108,172,508,361
2021-08-12T02_10_15Z_full.jpg,640,480,lcd,296,239,476,296
2021-08-12T02_10_15Z_full.jpg,640,480,lbl1,139,201,265,332
2021-08-12T02_10_15Z_full.jpg,640,480,lbl2,376,303,472,326
IMG_0222.jpg,768,1024,rsa,242,510,578,670
IMG_0222.jpg,768,1024,lcd,400,550,552,604
IMG_0222.jpg,768,1024,lbl1,269,531,376,641
IMG_0222.jpg,768,1024,lbl2,472,605,553,626
2021-10-21T18_05_21Z_full.jpg,1920,1080,rsa,903,379,1679,737
2021-10-21T18_05_21Z_full.jpg,1920,1080,lcd,1272,511,1615,619
2021-10-21T18_05_21Z_full.jpg,1920,1080,lbl1,969,440,1206,684
2021-10-21T18_05_21Z_full.jpg,1920,1080,lbl2,1427,635,1606,677
photo5.jpg,1920,1080,rsa,727,613,1261,859
photo5.jpg,1920,1080,lbl1,777,652,939,822
photo5.jpg,1920,1080,lcd,986,692,1217,760
photo5.jpg,1920,1080,lbl2,1088,773,1214,800
IMG_0434.JPEG,1773,1773,rsa,713,382,1060,1091
IMG_0434.JPEG,1773,1773,lbl1,760,793,1001,1028
IMG_0434.JPEG,1773,1773,lcd,862,429,990,744
IMG_0434.JPEG,1773,1773,lbl2,995,450,1038,618
IMG_0187.jpg,768,1024,rsa,264,505,586,658
IMG_0187.jpg,768,1024,lcd,410,554,558,598
IMG_0187.jpg,768,1024,lbl1,285,527,388,633
IMG_0187.jpg,768,1024,lbl2,478,605,557,625
2021-08-13T19_07_14Z_full.jpg,640,480,rsa,137,163,475,321
2021-08-13T19_07_14Z_full.jpg,640,480,lcd,296,214,448,263
2021-08-13T19_07_14Z_full.jpg,640,480,lbl1,160,192,269,300
2021-08-13T19_07_14Z_full.jpg,640,480,lbl2,365,269,445,286
3AF86DF5-3C05-4382-82BB-DC10E40F36D5_1_105_c.jpeg,768,1024,rsaback,295,515,517,622
IMG_0435.JPEG,1773,1773,rsa,452,483,1090,1120
IMG_0435.JPEG,1773,1773,lbl1,792,807,1038,1055
IMG_0435.JPEG,1773,1773,lbl2,616,521,757,661
IMG_0435.JPEG,1773,1773,lcd,535,556,825,840
IMG_0249.jpg,768,1024,rsa,299,473,597,613
IMG_0249.jpg,768,1024,lcd,436,521,571,562
IMG_0249.jpg,768,1024,lbl1,322,493,414,589
IMG_0249.jpg,768,1024,lbl2,495,565,570,586
2F3BCD2D-04AA-4B55-989B-8D068AD18270_1_105_c.jpeg,768,1024,rsa,201,173,453,463
2F3BCD2D-04AA-4B55-989B-8D068AD18270_1_105_c.jpeg,768,1024,lbl1,212,340,313,443
2F3BCD2D-04AA-4B55-989B-8D068AD18270_1_105_c.jpeg,768,1024,lcd,294,210,415,347
2F3BCD2D-04AA-4B55-989B-8D068AD18270_1_105_c.jpeg,768,1024,lbl2,372,247,430,316
2021-08-09T16_24_58Z_full.jpg,640,480,rsa,103,178,517,371
2021-08-09T16_24_58Z_full.jpg,640,480,lcd,293,243,482,301
2021-08-09T16_24_58Z_full.jpg,640,480,lbl1,132,209,263,339
2021-08-09T16_24_58Z_full.jpg,640,480,lbl2,379,308,478,332
559119FA-AC09-4197-9FD5-E93436B4DF16_1_105_c.jpeg,768,1024,rsa,284,255,591,503
559119FA-AC09-4197-9FD5-E93436B4DF16_1_105_c.jpeg,768,1024,lcd,409,298,555,413
559119FA-AC09-4197-9FD5-E93436B4DF16_1_105_c.jpeg,768,1024,lbl1,302,379,403,483
559119FA-AC09-4197-9FD5-E93436B4DF16_1_105_c.jpeg,768,1024,lbl2,489,343,565,404
2021-11-13T20_05_25Z_full.jpg,1088,1088,rsa,562,412,918,578
2021-11-13T20_05_25Z_full.jpg,1088,1088,lbl1,592,441,698,549
2021-11-13T20_05_25Z_full.jpg,1088,1088,lcd,728,472,886,526
2021-11-13T20_05_25Z_full.jpg,1088,1088,lbl2,799,528,883,550
6C992982-0443-4450-A371-751B643FA66B_1_105_c.jpeg,768,1024,rsa,278,477,454,851
6C992982-0443-4450-A371-751B643FA66B_1_105_c.jpeg,768,1024,lbl1,309,701,430,824
6C992982-0443-4450-A371-751B643FA66B_1_105_c.jpeg,768,1024,lcd,344,505,388,668
6C992982-0443-4450-A371-751B643FA66B_1_105_c.jpeg,768,1024,lbl2,399,507,421,594
IMG_0232.jpg,768,1024,rsa,1,560,465,876
IMG_0232.jpg,768,1024,lcd,58,673,403,778
IMG_0232.jpg,768,1024,lbl2,212,790,394,836
2021-11-13T20_04_13Z_full.jpg,1088,1088,rsa,353,480,577,840
2021-11-13T20_04_13Z_full.jpg,1088,1088,lcd,445,640,533,805
2021-11-13T20_04_13Z_full.jpg,1088,1088,lbl1,378,504,495,622
2021-11-13T20_04_13Z_full.jpg,1088,1088,lbl2,437,727,476,813
2021-11-13T20_05_46Z_full.jpg,1088,1088,rsa,721,673,972,850
2021-11-13T20_05_46Z_full.jpg,1088,1088,lbl1,744,697,824,778
2021-11-13T20_05_46Z_full.jpg,1088,1088,lcd,838,749,945,821
2021-08-14T09_00_33Z_full.jpg,640,480,rsa,135,161,475,327
2021-08-14T09_00_33Z_full.jpg,640,480,lcd,295,214,447,262
2021-08-14T09_00_33Z_full.jpg,640,480,lbl1,160,188,269,300
2021-08-14T09_00_33Z_full.jpg,640,480,lbl2,362,268,447,288
C98E98ED-2F76-488D-845D-3BE7A3690054_1_105_c.jpeg,768,1024,rsa,212,472,505,619
C98E98ED-2F76-488D-845D-3BE7A3690054_1_105_c.jpeg,768,1024,lbl1,228,506,318,600
C98E98ED-2F76-488D-845D-3BE7A3690054_1_105_c.jpeg,768,1024,lcd,338,534,472,584
C98E98ED-2F76-488D-845D-3BE7A3690054_1_105_c.jpeg,768,1024,lbl2,397,584,468,608
IMG_0138.jpg,768,1024,rsa,219,457,487,696
IMG_0138.jpg,768,1024,lcd,334,484,454,585
IMG_0138.jpg,768,1024,lbl1,243,569,340,667
IMG_0138.jpg,768,1024,lbl2,408,520,467,568
IMG_0216.jpg,768,1024,rsa,278,626,528,749
IMG_0216.jpg,768,1024,lcd,395,662,507,697
IMG_0216.jpg,768,1024,lbl1,297,644,376,727
IMG_0216.jpg,768,1024,lbl2,446,701,507,717
2021-08-12T02_07_13Z_full.jpg,640,480,rsa,109,169,511,361
2021-08-12T02_07_13Z_full.jpg,640,480,lcd,296,239,478,293
2021-08-12T02_07_13Z_full.jpg,640,480,lbl1,138,198,266,332
2021-08-12T02_07_13Z_full.jpg,640,480,lbl2,376,302,471,324
IMG_0199.jpg,768,1024,rsa,306,607,479,695
IMG_0199.jpg,768,1024,lcd,387,638,465,667
IMG_0199.jpg,768,1024,lbl1,319,621,373,676
IMG_0199.jpg,768,1024,lbl2,419,667,461,681
IMG_0194.jpg,768,1024,rsa,136,410,391,559
IMG_0194.jpg,768,1024,lcd,251,460,372,518
IMG_0194.jpg,768,1024,lbl1,153,424,239,506
IMG_0194.jpg,768,1024,lbl2,294,508,358,538
IMG_0178.jpg,768,1024,rsa,328,521,584,650
IMG_0178.jpg,768,1024,lcd,444,549,562,597
IMG_0178.jpg,768,1024,lbl1,349,549,427,633
IMG_0178.jpg,768,1024,lbl2,500,588,562,607
photo9.jpg,1920,1080,rsa,532,239,1081,512
photo9.jpg,1920,1080,lbl1,577,276,746,453
photo9.jpg,1920,1080,lbl2,899,415,1030,451
photo9.jpg,1920,1080,lcd,792,331,1035,404
IMG_0145.jpg,768,1024,rsa,251,470,509,591
IMG_0145.jpg,768,1024,lcd,370,508,486,540
IMG_0145.jpg,768,1024,lbl1,269,486,349,566
IMG_0145.jpg,768,1024,lbl2,423,546,485,560
IMG_0217.jpg,768,1024,rsa,285,466,557,612
IMG_0217.jpg,768,1024,lcd,410,521,534,575
IMG_0217.jpg,768,1024,lbl1,307,485,392,572
IMG_0217.jpg,768,1024,lbl2,459,569,527,595
2021-10-21T18_02_19Z_full.jpg,1920,1080,rsa,912,377,1683,740
2021-10-21T18_02_19Z_full.jpg,1920,1080,lcd,1265,511,1614,617
2021-10-21T18_02_19Z_full.jpg,1920,1080,lbl1,968,439,1208,684
2021-10-21T18_02_19Z_full.jpg,1920,1080,lbl2,1426,634,1603,680
IMG_0202.jpg,768,1024,rsa,202,474,527,632
IMG_0202.jpg,768,1024,lcd,353,524,499,569
IMG_0202.jpg,768,1024,lbl1,226,495,330,598
IMG_0202.jpg,768,1024,lbl2,419,574,497,595
IMG_0153.jpg,768,1024,rsa,238,472,557,629
IMG_0153.jpg,768,1024,lcd,381,528,530,585
IMG_0153.jpg,768,1024,lbl1,261,496,360,594
IMG_0153.jpg,768,1024,lbl2,444,585,524,610
2021-10-23T07_17_55Z_full.jpg,1920,1080,rsa,245,2,1503,388
2021-10-23T07_17_55Z_full.jpg,1920,1080,lcd,839,17,1394,186
2021-10-23T07_17_55Z_full.jpg,1920,1080,lbl1,339,2,728,306
2021-10-23T07_17_55Z_full.jpg,1920,1080,lbl2,1086,215,1387,286
IMG_0207.jpg,768,1024,rsa,221,457,483,607
IMG_0207.jpg,768,1024,lcd,340,487,461,548
IMG_0207.jpg,768,1024,lbl1,240,503,325,588
IMG_0207.jpg,768,1024,lbl2,400,528,462,551
IMG_0245.jpg,768,1024,rsa,194,446,558,617
IMG_0245.jpg,768,1024,lcd,362,500,528,551
IMG_0245.jpg,768,1024,lbl1,220,470,338,586
IMG_0245.jpg,768,1024,lbl2,438,554,528,580
IMG_0211.jpg,768,1024,rsa,284,466,515,576
IMG_0211.jpg,768,1024,lcd,392,496,496,530
IMG_0211.jpg,768,1024,lbl1,300,481,375,556
IMG_0211.jpg,768,1024,lbl2,438,531,494,545
IMG_0200.jpg,768,1024,rsa,209,484,553,648
IMG_0200.jpg,768,1024,lcd,364,538,523,584
IMG_0200.jpg,768,1024,lbl1,228,506,339,617
IMG_0200.jpg,768,1024,lbl2,434,590,521,613
2021-10-24T13_18_55Z_full.jpg,1920,1080,rsa,248,1,1497,388
2021-10-24T13_18_55Z_full.jpg,1920,1080,lcd,828,20,1402,194
2021-10-24T13_18_55Z_full.jpg,1920,1080,lbl1,339,1,731,301
2021-10-24T13_18_55Z_full.jpg,1920,1080,lbl2,1088,219,1388,290
7A16213F-965A-467D-B0B1-4B755BD150B3_1_105_c.jpeg,768,1024,rsa,351,206,481,507
7A16213F-965A-467D-B0B1-4B755BD150B3_1_105_c.jpeg,768,1024,lcd,394,232,438,378
7A16213F-965A-467D-B0B1-4B755BD150B3_1_105_c.jpeg,768,1024,lbl1,371,400,462,487
7A16213F-965A-467D-B0B1-4B755BD150B3_1_105_c.jpeg,768,1024,lbl2,445,232,459,312
photo11.jpg,1920,1080,rsa,861,605,1463,885
photo11.jpg,1920,1080,lbl1,917,645,1099,834
photo11.jpg,1920,1080,lcd,1147,705,1416,796
photo11.jpg,1920,1080,lbl2,1267,800,1409,837
2021-11-13T20_03_57Z_full.jpg,1088,1088,lbl1,153,486,276,609
2021-11-13T20_03_57Z_full.jpg,1088,1088,rsa,120,395,504,640
2021-11-13T20_03_57Z_full.jpg,1088,1088,lcd,293,437,463,538
2021-11-13T20_03_57Z_full.jpg,1088,1088,lbl2,387,492,474,545
IMG_0243.jpg,768,1024,rsa,59,346,390,502
IMG_0243.jpg,768,1024,lcd,220,406,362,453
IMG_0243.jpg,768,1024,lbl1,92,373,196,478
IMG_0243.jpg,768,1024,lbl2,284,456,360,475
2021-11-13T20_04_41Z_full.jpg,1088,1088,rsa,271,282,571,634
2021-11-13T20_04_41Z_full.jpg,1088,1088,lbl1,425,483,543,605
2021-11-13T20_04_41Z_full.jpg,1088,1088,lcd,317,319,451,482
2021-11-13T20_04_41Z_full.jpg,1088,1088,lbl2,366,305,429,387
2021-11-13T20_04_24Z_full.jpg,1088,1088,rsa,401,362,703,678
2021-11-13T20_04_24Z_full.jpg,1088,1088,lbl1,428,541,544,654
2021-11-13T20_04_24Z_full.jpg,1088,1088,lcd,526,401,660,542
2021-11-13T20_04_24Z_full.jpg,1088,1088,lbl2,612,437,682,511
IMG_0441.JPEG,1773,1773,rsa,536,739,1194,1050
IMG_0441.JPEG,1773,1773,lbl1,594,782,792,990
IMG_0441.JPEG,1773,1773,lbl2,847,839,1138,921
IMG_0441.JPEG,1773,1773,lbl2,984,939,1136,971
IMG_0446.JPEG,1773,1773,rsa,776,469,1127,1104
IMG_0446.JPEG,1773,1773,lcd,859,745,990,1026
IMG_0446.JPEG,1773,1773,lbl1,879,507,1087,702
IMG_0446.JPEG,1773,1773,lbl2,814,852,868,998
photo13.jpg,1920,1080,lbl1,665,566,1347,877
photo13.jpg,1920,1080,lbl1,719,610,933,827
photo13.jpg,1920,1080,lcd,986,676,1287,765
photo13.jpg,1920,1080,lbl2,1119,776,1285,817
IMG_0179.jpg,768,1024,rsa,253,439,460,536
IMG_0179.jpg,768,1024,lcd,347,467,441,496
IMG_0179.jpg,768,1024,lbl1,269,451,331,510
IMG_0179.jpg,768,1024,lbl2,385,496,436,508
C95CF4DD-C298-42BC-89CC-326C7FCF5FFC_1_105_c.jpeg,768,1024,rsa,329,517,569,635
C95CF4DD-C298-42BC-89CC-326C7FCF5FFC_1_105_c.jpeg,768,1024,lbl1,348,533,415,612
C95CF4DD-C298-42BC-89CC-326C7FCF5FFC_1_105_c.jpeg,768,1024,lcd,437,560,549,606
C95CF4DD-C298-42BC-89CC-326C7FCF5FFC_1_105_c.jpeg,768,1024,lbl2,484,602,543,624
B22154DE-5121-4B33-A38B-4ADC96D2A3BC_1_105_c.jpeg,768,1024,rsa,241,445,501,575
B22154DE-5121-4B33-A38B-4ADC96D2A3BC_1_105_c.jpeg,768,1024,lbl1,286,470,346,539
B22154DE-5121-4B33-A38B-4ADC96D2A3BC_1_105_c.jpeg,768,1024,lcd,364,495,480,541
B22154DE-5121-4B33-A38B-4ADC96D2A3BC_1_105_c.jpeg,768,1024,lbl2,409,538,472,564
IMG_0438.JPEG,1773,1773,rsa,609,599,1122,1299
IMG_0438.JPEG,1773,1773,lbl1,667,644,898,883
IMG_0438.JPEG,1773,1773,lcd,813,898,1035,1228
IMG_0438.JPEG,1773,1773,lbl2,821,1077,924,1255
IMG_0195.jpg,768,1024,rsa,267,609,523,732
IMG_0195.jpg,768,1024,lcd,386,656,501,692
IMG_0195.jpg,768,1024,lbl1,286,630,366,714
IMG_0195.jpg,768,1024,lbl2,438,695,500,712
2021-11-13T20_05_31Z_full.jpg,1088,1088,rsa,869,319,1083,692
2021-11-13T20_05_31Z_full.jpg,1088,1088,lbl1,906,544,1017,657
2021-11-13T20_05_31Z_full.jpg,1088,1088,lcd,966,363,1041,517
2021-11-13T20_05_31Z_full.jpg,1088,1088,lbl2,1037,364,1065,468
65111FCF-3702-4763-95A4-70FC6B6E99B7_1_105_c.jpeg,768,1024,rsa,239,436,519,567
65111FCF-3702-4763-95A4-70FC6B6E99B7_1_105_c.jpeg,768,1024,lbl1,250,457,346,548
65111FCF-3702-4763-95A4-70FC6B6E99B7_1_105_c.jpeg,768,1024,lcd,360,465,492,510
65111FCF-3702-4763-95A4-70FC6B6E99B7_1_105_c.jpeg,768,1024,lbl2,422,508,494,531
FB863B99-006A-49C3-87CC-DD7190F3F697_1_105_c.jpeg,768,1024,rsa,308,437,536,668
FB863B99-006A-49C3-87CC-DD7190F3F697_1_105_c.jpeg,768,1024,lbl1,327,454,413,536
FB863B99-006A-49C3-87CC-DD7190F3F697_1_105_c.jpeg,768,1024,lcd,400,530,507,631
FB863B99-006A-49C3-87CC-DD7190F3F697_1_105_c.jpeg,768,1024,lbl2,421,592,473,648
IMG_0439.JPEG,1773,1773,rsa,621,615,1328,1117
IMG_0439.JPEG,1773,1773,lbl1,676,659,909,893
IMG_0439.JPEG,1773,1773,lcd,932,812,1268,1034
IMG_0439.JPEG,1773,1773,lbl2,1036,975,1208,1085
41D5343E-3C7D-4F75-8E77-345E3B04C5BB_1_105_c.jpeg,768,1024,rsaback,271,439,496,674
IMG_0169.jpg,768,1024,rsa,299,435,477,521
IMG_0169.jpg,768,1024,lcd,380,463,464,490
IMG_0169.jpg,768,1024,lbl1,313,445,369,501
IMG_0169.jpg,768,1024,lbl2,415,490,461,504
2021-10-23T16_40_34Z_full.jpg,1920,1080,rsa,249,1,1499,391
2021-10-23T16_40_34Z_full.jpg,1920,1080,lcd,837,19,1399,188
2021-10-23T16_40_34Z_full.jpg,1920,1080,lbl1,341,4,724,300
2021-10-23T16_40_34Z_full.jpg,1920,1080,lbl2,1084,216,1383,287
IMG_0223.jpg,768,1024,rsa,227,498,539,650
IMG_0223.jpg,768,1024,lcd,373,539,514,580
IMG_0223.jpg,768,1024,lbl1,251,521,349,618
IMG_0223.jpg,768,1024,lbl2,439,583,515,603
90B336C5-C25E-43FB-A0F4-6460264B89DB_1_105_c.jpeg,768,1024,rsaback,210,516,477,648
IMG_0455.JPEG,1773,1773,rsa,398,506,1157,859
IMG_0455.JPEG,1773,1773,lbl1,454,555,690,806
IMG_0455.JPEG,1773,1773,lcd,752,625,1090,726
IMG_0455.JPEG,1773,1773,lbl2,903,740,1084,782
63281769-E112-4EC1-A6A7-036A7E8CE9E5_1_105_c.jpeg,768,1024,rsa,252,478,516,604
63281769-E112-4EC1-A6A7-036A7E8CE9E5_1_105_c.jpeg,768,1024,lbl1,268,494,354,581
63281769-E112-4EC1-A6A7-036A7E8CE9E5_1_105_c.jpeg,768,1024,lcd,373,524,494,563
63281769-E112-4EC1-A6A7-036A7E8CE9E5_1_105_c.jpeg,768,1024,lbl2,425,564,491,584
IMG_0149.jpg,768,1024,rsa,283,373,692,642
IMG_0149.jpg,768,1024,lbl1,313,397,443,525
IMG_0149.jpg,768,1024,lcd,463,470,653,587
IMG_0149.jpg,768,1024,lbl2,532,558,635,615
IMG_0170.jpg,768,1024,rsa,255,382,520,502
IMG_0170.jpg,768,1024,lcd,377,417,497,450
IMG_0170.jpg,768,1024,lbl1,273,395,357,466
IMG_0170.jpg,768,1024,lbl2,428,451,494,468
IMG_0440.JPEG,1773,1773,rsa,541,556,1227,1074
IMG_0440.JPEG,1773,1773,lcd,841,625,1163,855
IMG_0440.JPEG,1773,1773,lbl1,592,785,833,1018
IMG_0440.JPEG,1773,1773,lbl2,1014,726,1181,845
IMG_0197.jpg,768,1024,rsa,261,622,545,763
IMG_0197.jpg,768,1024,lcd,392,675,520,724
IMG_0197.jpg,768,1024,lbl1,283,645,371,736
IMG_0197.jpg,768,1024,lbl2,447,726,515,747
25E4137E-10CD-47F5-A844-6F59F4D39578_1_105_c.jpeg,768,1024,rsaback,197,503,464,632
2021-10-28T03_35_57Z_full.jpg,1920,1080,rsa,254,1,1508,416
2021-10-28T03_35_57Z_full.jpg,1920,1080,lcd,842,37,1403,203
2021-10-28T03_35_57Z_full.jpg,1920,1080,lbl1,349,1,734,331
2021-10-28T03_35_57Z_full.jpg,1920,1080,lbl2,1098,232,1398,300
C35222F4-56AC-4C4C-A2B2-117D2D791B49_1_105_c.jpeg,768,1024,rsaback,277,530,486,637
75E93274-4630-4A27-8AE1-C7E234990B98_1_105_c.jpeg,768,1024,rsa,277,455,530,665
75E93274-4630-4A27-8AE1-C7E234990B98_1_105_c.jpeg,768,1024,lbl1,296,549,385,638
75E93274-4630-4A27-8AE1-C7E234990B98_1_105_c.jpeg,768,1024,lcd,389,482,502,576
75E93274-4630-4A27-8AE1-C7E234990B98_1_105_c.jpeg,768,1024,lbl2,452,517,513,562
IMG_0189.jpg,768,1024,rsa,291,445,532,560
IMG_0189.jpg,768,1024,lcd,400,483,510,514
IMG_0189.jpg,768,1024,lbl1,307,463,381,535
IMG_0189.jpg,768,1024,lbl2,448,519,508,533
126A52A8-0842-46CB-AD66-E4555B05541F_1_105_c.jpeg,768,1024,rsa,388,458,543,790
126A52A8-0842-46CB-AD66-E4555B05541F_1_105_c.jpeg,768,1024,lbl1,410,477,516,578
126A52A8-0842-46CB-AD66-E4555B05541F_1_105_c.jpeg,768,1024,lbl2,419,673,439,759
126A52A8-0842-46CB-AD66-E4555B05541F_1_105_c.jpeg,768,1024,lcd,444,606,490,762
58BA5775-B108-4909-B014-A49EDDAD973E_1_105_c.jpeg,768,1024,rsa,260,440,499,643
58BA5775-B108-4909-B014-A49EDDAD973E_1_105_c.jpeg,768,1024,lbl1,277,540,366,627
58BA5775-B108-4909-B014-A49EDDAD973E_1_105_c.jpeg,768,1024,lcd,363,464,471,558
58BA5775-B108-4909-B014-A49EDDAD973E_1_105_c.jpeg,768,1024,lbl2,427,495,481,549
IMG_0176.jpg,768,1024,rsa,246,413,509,540
IMG_0176.jpg,768,1024,lcd,371,445,488,477
IMG_0176.jpg,768,1024,lbl1,265,427,353,503
IMG_0176.jpg,768,1024,lbl2,428,482,489,495
photo6.jpg,1920,1080,rsa,236,570,787,824
photo6.jpg,1920,1080,lbl1,274,604,452,796
photo6.jpg,1920,1080,lcd,498,648,741,723
photo6.jpg,1920,1080,lbl2,607,735,740,767
IMG_0210.jpg,768,1024,rsa,263,398,491,504
IMG_0210.jpg,768,1024,lcd,370,423,472,454
IMG_0210.jpg,768,1024,lbl1,278,413,352,477
IMG_0210.jpg,768,1024,lbl2,416,453,470,467
21DDF89B-AF4C-4C56-8465-B85C8473FEAC_1_105_c.jpeg,768,1024,rsa,253,335,561,478
21DDF89B-AF4C-4C56-8465-B85C8473FEAC_1_105_c.jpeg,768,1024,lbl1,273,356,369,457
21DDF89B-AF4C-4C56-8465-B85C8473FEAC_1_105_c.jpeg,768,1024,lcd,397,389,535,431
21DDF89B-AF4C-4C56-8465-B85C8473FEAC_1_105_c.jpeg,768,1024,lbl2,456,436,531,456
C91748D0-CE7A-4CC0-8DFE-FCE0FCBA9646_1_105_c.jpeg,768,1024,rsa,222,447,548,675
C91748D0-CE7A-4CC0-8DFE-FCE0FCBA9646_1_105_c.jpeg,768,1024,lbl1,240,468,343,577
C91748D0-CE7A-4CC0-8DFE-FCE0FCBA9646_1_105_c.jpeg,768,1024,lcd,353,528,508,627
C91748D0-CE7A-4CC0-8DFE-FCE0FCBA9646_1_105_c.jpeg,768,1024,lbl2,402,602,485,656
4B0B53C1-F97C-44ED-BA08-884A934F8461_1_105_c.jpeg,768,1024,rsa,280,488,476,722
4B0B53C1-F97C-44ED-BA08-884A934F8461_1_105_c.jpeg,768,1024,lbl1,294,505,378,585
4B0B53C1-F97C-44ED-BA08-884A934F8461_1_105_c.jpeg,768,1024,lcd,358,584,447,694
4B0B53C1-F97C-44ED-BA08-884A934F8461_1_105_c.jpeg,768,1024,lbl2,369,647,413,706
2021-11-13T20_05_52Z_full.jpg,1088,1088,rsa,731,265,1057,567
2021-11-13T20_05_52Z_full.jpg,1088,1088,lbl1,763,290,880,405
2021-11-13T20_05_52Z_full.jpg,1088,1088,lcd,871,390,1015,524
2021-11-13T20_05_52Z_full.jpg,1088,1088,lbl2,907,477,978,542
A2B60225-688D-46AB-9590-4E91CFBCBD51_1_105_c.jpeg,768,1024,rsa,279,584,595,736
A2B60225-688D-46AB-9590-4E91CFBCBD51_1_105_c.jpeg,768,1024,lbl1,294,608,396,714
A2B60225-688D-46AB-9590-4E91CFBCBD51_1_105_c.jpeg,768,1024,lcd,422,635,565,678
A2B60225-688D-46AB-9590-4E91CFBCBD51_1_105_c.jpeg,768,1024,lbl2,489,686,563,700
photo12.jpg,1920,1080,rsa,304,546,867,815
photo12.jpg,1920,1080,lbl1,349,586,518,773
photo12.jpg,1920,1080,lcd,559,641,823,714
photo12.jpg,1920,1080,lbl2,682,726,819,757
2021-11-13T20_05_09Z_full.jpg,1088,1088,rsa,376,230,561,623
2021-11-13T20_05_09Z_full.jpg,1088,1088,lbl1,410,473,536,600
2021-11-13T20_05_09Z_full.jpg,1088,1088,lbl2,486,262,514,359
2021-11-13T20_05_09Z_full.jpg,1088,1088,lcd,424,263,489,443
IMG_0208.jpg,768,1024,rsa,333,539,489,614
IMG_0208.jpg,768,1024,lcd,405,557,476,581
IMG_0208.jpg,768,1024,lbl1,343,546,393,599
IMG_0208.jpg,768,1024,lbl2,437,583,475,592
IMG_0462.JPEG,1773,1773,rsa,597,459,1176,1237
IMG_0462.JPEG,1773,1773,lbl1,646,896,925,1159
IMG_0462.JPEG,1773,1773,lcd,832,537,1079,874
IMG_0462.JPEG,1773,1773,lbl2,1017,583,1133,764
2021-11-13T20_06_14Z_full.jpg,1088,1088,rsa,511,437,1088,701
2021-11-13T20_06_14Z_full.jpg,1088,1088,lbl1,557,479,730,663
2021-11-13T20_06_14Z_full.jpg,1088,1088,lcd,776,533,1039,608
2021-11-13T20_06_14Z_full.jpg,1088,1088,lbl2,897,623,1034,651
IMG_0206.jpg,768,1024,rsa,182,495,514,653
IMG_0206.jpg,768,1024,lcd,336,535,487,576
IMG_0206.jpg,768,1024,lbl1,204,514,313,612
IMG_0206.jpg,768,1024,lbl2,404,580,487,600
2021-10-24T13_08_55Z_full.jpg,1920,1080,rsa,251,1,1502,391
2021-10-24T13_08_55Z_full.jpg,1920,1080,lcd,835,22,1395,192
2021-10-24T13_08_55Z_full.jpg,1920,1080,lbl1,339,2,732,301
2021-10-24T13_08_55Z_full.jpg,1920,1080,lbl2,1087,217,1388,285
7FFB7470-728B-45AF-BAB7-DC0A7ADF5B51_1_105_c.jpeg,768,1024,rsa,204,377,519,636
7FFB7470-728B-45AF-BAB7-DC0A7ADF5B51_1_105_c.jpeg,768,1024,lbl1,222,495,330,604
7FFB7470-728B-45AF-BAB7-DC0A7ADF5B51_1_105_c.jpeg,768,1024,lcd,337,413,485,530
7FFB7470-728B-45AF-BAB7-DC0A7ADF5B51_1_105_c.jpeg,768,1024,lbl2,419,457,494,517
IMG_0164.jpg,768,1024,rsa,314,408,489,491
IMG_0164.jpg,768,1024,lcd,396,420,474,450
IMG_0164.jpg,768,1024,lbl1,329,421,384,474
IMG_0164.jpg,768,1024,lbl2,434,446,475,458
IMG_0182.jpg,768,1024,rsa,412,630,487,666
IMG_0182.jpg,768,1024,lcd,447,641,480,651
IMG_0182.jpg,768,1024,lbl1,418,635,441,660
IMG_0182.jpg,768,1024,lbl2,462,652,480,657
FC9B19CB-84DD-4E6B-BAD7-758AAEBA1180_1_105_c.jpeg,768,1024,rsa,286,460,595,606
FC9B19CB-84DD-4E6B-BAD7-758AAEBA1180_1_105_c.jpeg,768,1024,lbl1,307,485,402,585
FC9B19CB-84DD-4E6B-BAD7-758AAEBA1180_1_105_c.jpeg,768,1024,lcd,426,514,569,556
FC9B19CB-84DD-4E6B-BAD7-758AAEBA1180_1_105_c.jpeg,768,1024,lbl2,487,562,565,581
2021-11-13T20_04_29Z_full.jpg,1088,1088,rsa,417,322,702,624
2021-11-13T20_04_29Z_full.jpg,1088,1088,lbl1,446,490,551,601
2021-11-13T20_04_29Z_full.jpg,1088,1088,lcd,537,356,659,496
2021-11-13T20_04_29Z_full.jpg,1088,1088,lbl2,618,391,679,461
2021-11-13T20_04_02Z_full.jpg,1088,1088,rsa,321,141,496,502
2021-11-13T20_04_02Z_full.jpg,1088,1088,lbl1,352,364,468,476
2021-11-13T20_04_02Z_full.jpg,1088,1088,lcd,397,172,457,336
2021-11-13T20_04_02Z_full.jpg,1088,1088,lbl2,458,177,485,264
IMG_0191.jpg,768,1024,rsa,286,521,528,652
IMG_0191.jpg,768,1024,lcd,397,549,504,595
IMG_0191.jpg,768,1024,lbl1,305,550,383,633
IMG_0191.jpg,768,1024,lbl2,451,583,508,603
41138861-D951-4C37-AF27-F6235489E65A_1_105_c.jpeg,768,1024,rsa,328,558,434,608
41138861-D951-4C37-AF27-F6235489E65A_1_105_c.jpeg,768,1024,lbl1,335,564,368,601
41138861-D951-4C37-AF27-F6235489E65A_1_105_c.jpeg,768,1024,lcd,377,575,426,591
41138861-D951-4C37-AF27-F6235489E65A_1_105_c.jpeg,768,1024,lbl2,399,592,425,599
2021-11-13T20_06_31Z_full.jpg,1088,1088,rsa,510,436,1088,700
2021-11-13T20_06_31Z_full.jpg,1088,1088,lbl1,555,479,731,663
2021-11-13T20_06_31Z_full.jpg,1088,1088,lcd,781,532,1040,609
2021-11-13T20_06_31Z_full.jpg,1088,1088,lbl2,895,621,1033,651
IMG_0247.jpg,768,1024,rsa,133,562,454,718
IMG_0247.jpg,768,1024,lcd,282,608,427,657
IMG_0247.jpg,768,1024,lbl1,154,585,258,695
IMG_0247.jpg,768,1024,lbl2,349,658,426,678
IMG_0185.jpg,768,1024,rsa,242,546,516,676
IMG_0185.jpg,768,1024,lcd,371,571,493,620
IMG_0185.jpg,768,1024,lbl1,261,563,351,655
IMG_0185.jpg,768,1024,lbl2,428,614,494,636
photo10.jpg,1920,1080,rsa,163,556,759,834
photo10.jpg,1920,1080,lbl1,205,594,395,792
photo10.jpg,1920,1080,lcd,442,654,705,734
photo10.jpg,1920,1080,lbl2,557,745,700,780
IMG_0184.jpg,768,1024,rsa,336,441,461,545
IMG_0184.jpg,768,1024,lcd,389,454,446,501
IMG_0184.jpg,768,1024,lbl1,344,489,389,534
IMG_0184.jpg,768,1024,lbl2,422,471,451,494
IMG_0444.JPEG,1773,1773,rsa,714,559,1355,1075
IMG_0444.JPEG,1773,1773,lcd,790,629,1079,848
IMG_0444.JPEG,1773,1773,lbl1,1086,793,1306,1013
IMG_0444.JPEG,1773,1773,lbl2,846,590,990,693
2021-08-15T13_41_29Z_full.jpg,640,480,rsa,145,194,483,353
2021-08-15T13_41_29Z_full.jpg,640,480,lcd,302,253,457,300
2021-08-15T13_41_29Z_full.jpg,640,480,lbl1,168,220,276,332
2021-08-15T13_41_29Z_full.jpg,640,480,lbl2,372,304,454,326
IMG_0151.jpg,768,1024,rsa,236,438,573,675
IMG_0151.jpg,768,1024,lcd,386,472,535,570
IMG_0151.jpg,768,1024,lbl1,261,531,377,645
IMG_0151.jpg,768,1024,lbl2,471,518,551,566
IMG_0165.jpg,768,1024,rsa,231,492,547,645
IMG_0165.jpg,768,1024,lcd,381,525,525,584
IMG_0165.jpg,768,1024,lbl1,256,516,359,621
IMG_0165.jpg,768,1024,lbl2,448,577,522,597
2021-11-13T20_05_57Z_full.jpg,1088,1088,rsa,301,318,485,703
2021-11-13T20_05_57Z_full.jpg,1088,1088,lbl1,331,557,456,676
2021-11-13T20_05_57Z_full.jpg,1088,1088,lcd,377,347,438,522
2021-11-13T20_05_57Z_full.jpg,1088,1088,lbl2,442,358,464,451
IMG_0225.jpg,768,1024,rsa,219,490,522,637
IMG_0225.jpg,768,1024,lcd,359,524,498,567
IMG_0225.jpg,768,1024,lbl1,239,508,335,605
IMG_0225.jpg,768,1024,lbl2,424,571,495,588
IMG_0220.jpg,768,1024,rsa,260,587,483,698
IMG_0220.jpg,768,1024,lcd,364,614,466,649
IMG_0220.jpg,768,1024,lbl1,275,601,346,674
IMG_0220.jpg,768,1024,lbl2,410,651,466,663
IMG_0175.jpg,768,1024,rsa,270,431,555,568
IMG_0175.jpg,768,1024,lcd,404,472,534,510
IMG_0175.jpg,768,1024,lbl1,292,449,383,542
IMG_0175.jpg,768,1024,lbl2,464,515,532,533
853CF009-2F8A-4A86-82D5-5401CDAC317E_1_105_c.jpeg,768,1024,rsa,252,500,558,665
853CF009-2F8A-4A86-82D5-5401CDAC317E_1_105_c.jpeg,768,1024,lbl1,273,528,374,632
853CF009-2F8A-4A86-82D5-5401CDAC317E_1_105_c.jpeg,768,1024,lcd,398,530,533,590
853CF009-2F8A-4A86-82D5-5401CDAC317E_1_105_c.jpeg,768,1024,lbl2,458,574,537,607
2021-08-12T02_05_12Z_full.jpg,640,480,rsa,106,171,510,358
2021-08-12T02_05_12Z_full.jpg,640,480,lcd,297,239,477,296
2021-08-12T02_05_12Z_full.jpg,640,480,lbl1,138,198,266,331
2021-08-12T02_05_12Z_full.jpg,640,480,lbl2,375,302,473,326
4F13104C-18F0-4FE3-8827-569B02EF6EE6_1_105_c.jpeg,768,1024,rsa,301,524,441,589
4F13104C-18F0-4FE3-8827-569B02EF6EE6_1_105_c.jpeg,768,1024,lbl1,312,543,356,582
4F13104C-18F0-4FE3-8827-569B02EF6EE6_1_105_c.jpeg,768,1024,lcd,367,555,430,574
4F13104C-18F0-4FE3-8827-569B02EF6EE6_1_105_c.jpeg,768,1024,lbl2,394,574,428,581
72B0827B-0592-4702-A7A7-77E3031EDE68_1_105_c.jpeg,768,1024,rsaback,253,557,490,678
5EA09D45-1ACF-458B-AB85-F67703272FB7_1_105_c.jpeg,768,1024,rsa,262,404,571,683
5EA09D45-1ACF-458B-AB85-F67703272FB7_1_105_c.jpeg,768,1024,lbl1,284,427,394,532
5EA09D45-1ACF-458B-AB85-F67703272FB7_1_105_c.jpeg,768,1024,lcd,388,509,536,636
5EA09D45-1ACF-458B-AB85-F67703272FB7_1_105_c.jpeg,768,1024,lbl2,423,590,501,659
4A2CF9FE-BED9-4791-BE87-B7724A0122E2_1_105_c.jpeg,768,1024,rsaback,262,479,626,657
IMG_0218.jpg,768,1024,rsa,192,641,455,771
IMG_0218.jpg,768,1024,lcd,315,665,433,713
IMG_0218.jpg,768,1024,lbl1,213,658,296,751
IMG_0218.jpg,768,1024,lbl2,370,707,434,728
IMG_0209.jpg,768,1024,rsa,254,527,578,694
IMG_0209.jpg,768,1024,lcd,405,560,551,623
IMG_0209.jpg,768,1024,lbl1,276,560,382,667
IMG_0209.jpg,768,1024,lbl2,475,613,554,638
IMG_0235.jpg,768,1024,rsa,109,565,768,907
IMG_0235.jpg,768,1024,lcd,433,699,750,801
IMG_0235.jpg,768,1024,lbl1,157,622,378,859
IMG_0235.jpg,768,1024,lbl2,572,807,742,855
IMG_0240.jpg,768,1024,rsa,328,521,557,630
IMG_0240.jpg,768,1024,lcd,435,554,539,584
IMG_0240.jpg,768,1024,lbl1,345,536,417,610
IMG_0240.jpg,768,1024,lbl2,481,588,539,604
5211DBE4-75C4-4A78-B46A-A6456509D256_1_105_c.jpeg,768,1024,rsaback,304,582,431,646
IMG_0230.jpg,768,1024,rsa,1,457,582,757
IMG_0230.jpg,768,1024,lcd,257,547,532,639
IMG_0230.jpg,768,1024,lbl1,9,502,208,714
IMG_0230.jpg,768,1024,lbl2,384,645,533,679
2021-11-13T20_04_58Z_full.jpg,1088,1088,rsa,144,253,522,549
2021-11-13T20_04_58Z_full.jpg,1088,1088,lbl1,174,280,300,407
2021-11-13T20_04_58Z_full.jpg,1088,1088,lcd,309,372,480,502
2021-11-13T20_04_58Z_full.jpg,1088,1088,lbl2,360,465,447,529
IMG_0147.jpg,768,1024,rsa,278,443,545,614
IMG_0147.jpg,768,1024,lcd,399,470,519,543
IMG_0147.jpg,768,1024,lbl1,300,505,387,594
IMG_0147.jpg,768,1024,lbl2,463,510,527,541
IMG_0157.jpg,768,1024,rsa,258,615,533,747
IMG_0157.jpg,768,1024,lcd,385,664,509,702
IMG_0157.jpg,768,1024,lbl1,278,639,363,730
IMG_0157.jpg,768,1024,lbl2,440,707,509,726
IMG_0221.jpg,768,1024,rsa,208,499,473,626
IMG_0221.jpg,768,1024,lcd,333,529,451,571
IMG_0221.jpg,768,1024,lbl1,229,518,311,605
IMG_0221.jpg,768,1024,lbl2,387,574,451,588
IMG_0198.jpg,768,1024,rsa,225,460,539,616
IMG_0198.jpg,768,1024,lcd,372,496,513,543
IMG_0198.jpg,768,1024,lbl1,249,482,348,579
IMG_0198.jpg,768,1024,lbl2,437,542,513,562
F9C58E81-1DD5-4BD3-A1DE-3BF397B340D4_1_105_c.jpeg,768,1024,rsaback,370,495,495,697
2021-10-25T15_13_44Z_full.jpg,1920,1080,rsa,239,2,1506,394
2021-10-25T15_13_44Z_full.jpg,1920,1080,lcd,817,17,1400,194
2021-10-25T15_13_44Z_full.jpg,1920,1080,lbl1,339,4,731,299
2021-10-25T15_13_44Z_full.jpg,1920,1080,lbl2,1086,216,1384,286
2021-11-13T20_06_25Z_full.jpg,1088,1088,rsa,509,437,1088,703
2021-11-13T20_06_25Z_full.jpg,1088,1088,lbl1,554,482,730,664
2021-11-13T20_06_25Z_full.jpg,1088,1088,lcd,782,531,1037,610
2021-11-13T20_06_25Z_full.jpg,1088,1088,lbl2,897,621,1033,653
E1F1169F-7366-4212-B05C-BA045ACA4E32_1_105_c.jpeg,768,1024,rsa,218,483,569,655
E1F1169F-7366-4212-B05C-BA045ACA4E32_1_105_c.jpeg,768,1024,lcd,374,543,533,597
E1F1169F-7366-4212-B05C-BA045ACA4E32_1_105_c.jpeg,768,1024,lbl1,239,512,347,621
E1F1169F-7366-4212-B05C-BA045ACA4E32_1_105_c.jpeg,768,1024,lbl2,448,598,535,622
843932E0-0FD7-4B41-9296-D5C56BBC010D_1_105_c.jpeg,768,1024,rsa,260,518,506,639
843932E0-0FD7-4B41-9296-D5C56BBC010D_1_105_c.jpeg,768,1024,lbl1,277,536,354,620
843932E0-0FD7-4B41-9296-D5C56BBC010D_1_105_c.jpeg,768,1024,lcd,374,554,488,586
843932E0-0FD7-4B41-9296-D5C56BBC010D_1_105_c.jpeg,768,1024,lbl2,424,587,485,605
IMG_0181.jpg,768,1024,rsa,318,526,561,642
IMG_0181.jpg,768,1024,lcd,430,542,540,587
IMG_0181.jpg,768,1024,lbl1,337,542,414,619
IMG_0181.jpg,768,1024,lbl2,479,578,543,598
03CED7CE-7D9F-4DB8-868A-AB2F14A5DACD_1_105_c.jpeg,768,1024,rsa,273,288,468,570
03CED7CE-7D9F-4DB8-868A-AB2F14A5DACD_1_105_c.jpeg,768,1024,lbl1,293,458,388,552
03CED7CE-7D9F-4DB8-868A-AB2F14A5DACD_1_105_c.jpeg,768,1024,lbl2,414,334,453,404
03CED7CE-7D9F-4DB8-868A-AB2F14A5DACD_1_105_c.jpeg,768,1024,lcd,350,314,431,447
03256704-A231-4BD7-8634-A3F8844E95C4_1_105_c.jpeg,768,1024,rsa,223,561,618,754
03256704-A231-4BD7-8634-A3F8844E95C4_1_105_c.jpeg,768,1024,lbl1,250,593,374,725
03256704-A231-4BD7-8634-A3F8844E95C4_1_105_c.jpeg,768,1024,lcd,405,625,584,679
03256704-A231-4BD7-8634-A3F8844E95C4_1_105_c.jpeg,768,1024,lbl2,492,690,586,708
IMG_0137.jpg,768,1024,rsa,271,510,518,626
IMG_0137.jpg,768,1024,lcd,383,542,496,577
IMG_0137.jpg,768,1024,lbl1,289,523,368,599
IMG_0137.jpg,768,1024,lbl2,438,581,496,596
IMG_0163.jpg,768,1024,rsa,386,644,471,685
IMG_0163.jpg,768,1024,lcd,426,652,463,663
IMG_0163.jpg,768,1024,lbl1,392,649,420,675
IMG_0163.jpg,768,1024,lbl2,444,662,462,667
2021-11-13T20_04_19Z_full.jpg,1088,1088,rsa,354,449,668,756
2021-11-13T20_04_19Z_full.jpg,1088,1088,lbl1,382,477,496,593
2021-11-13T20_04_19Z_full.jpg,1088,1088,lcd,486,578,632,716
2021-11-13T20_04_19Z_full.jpg,1088,1088,lbl2,519,665,589,733
2021-11-13T20_04_46Z_full.jpg,1088,1088,rsa,244,284,595,594
2021-11-13T20_04_46Z_full.jpg,1088,1088,lbl1,441,309,566,434
2021-11-13T20_04_46Z_full.jpg,1088,1088,lcd,291,414,447,554
2021-11-13T20_04_46Z_full.jpg,1088,1088,lbl2,275,437,351,511
IMG_0146.jpg,768,1024,rsa,314,473,549,585
IMG_0146.jpg,768,1024,lcd,419,504,530,533
IMG_0146.jpg,768,1024,lbl1,325,487,401,552
IMG_0146.jpg,768,1024,lbl2,467,538,526,552
IMG_0183.jpg,768,1024,rsa,339,539,467,674
IMG_0183.jpg,768,1024,lcd,390,593,448,658
IMG_0183.jpg,768,1024,lbl1,348,548,398,598
IMG_0183.jpg,768,1024,lbl2,402,632,429,665
2021-11-13T20_06_03Z_full.jpg,1088,1088,rsa,422,351,784,522
2021-11-13T20_06_03Z_full.jpg,1088,1088,lbl1,452,382,559,494
2021-11-13T20_06_03Z_full.jpg,1088,1088,lcd,583,418,753,475
2021-11-13T20_06_03Z_full.jpg,1088,1088,lbl2,661,478,747,504
IMG_0143.jpg,768,1024,rsa,242,495,513,673
IMG_0143.jpg,768,1024,lcd,365,524,488,596
IMG_0143.jpg,768,1024,lbl1,263,559,354,649
IMG_0143.jpg,768,1024,lbl2,431,563,494,592
IMG_0457.JPEG,1773,1773,rsa,473,621,1138,937
IMG_0457.JPEG,1773,1773,lbl1,528,669,738,890
IMG_0457.JPEG,1773,1773,lcd,797,712,1086,807
IMG_0457.JPEG,1773,1773,lbl2,933,815,1079,852
photo8.jpg,1920,1080,rsa,608,439,1160,704
photo8.jpg,1920,1080,lbl1,652,481,824,659
photo8.jpg,1920,1080,lcd,866,533,1109,605
photo8.jpg,1920,1080,lbl2,975,615,1105,647
01CAFD90-0F21-4A57-9D8E-F6FD96A35B1E_1_105_c.jpeg,768,1024,rsa,295,228,495,498
01CAFD90-0F21-4A57-9D8E-F6FD96A35B1E_1_105_c.jpeg,768,1024,lbl1,312,245,406,341
01CAFD90-0F21-4A57-9D8E-F6FD96A35B1E_1_105_c.jpeg,768,1024,lcd,376,346,462,472
01CAFD90-0F21-4A57-9D8E-F6FD96A35B1E_1_105_c.jpeg,768,1024,lbl2,379,416,421,481
3228AF35-7DB4-4D93-98A2-FABD761922C1_1_105_c.jpeg,768,1024,rsaback,254,510,519,631
94ECC157-BA51-467A-9F0C-740D2BC26FFB_1_105_c.jpeg,768,1024,rsa,247,396,606,564
94ECC157-BA51-467A-9F0C-740D2BC26FFB_1_105_c.jpeg,768,1024,lbl1,265,425,378,544
94ECC157-BA51-467A-9F0C-740D2BC26FFB_1_105_c.jpeg,768,1024,lcd,407,447,568,498
94ECC157-BA51-467A-9F0C-740D2BC26FFB_1_105_c.jpeg,768,1024,lbl2,479,502,567,526
IMG_0443.JPEG,1773,1773,rsa,792,418,1111,1064
IMG_0443.JPEG,1773,1773,lbl1,847,793,1063,994
IMG_0443.JPEG,1773,1773,lbl2,984,471,1027,613
IMG_0443.JPEG,1773,1773,lcd,886,466,989,744
4200FB7D-4853-4278-89B2-F6B37AB15392_1_105_c.jpeg,768,1024,rsa,145,436,499,605
4200FB7D-4853-4278-89B2-F6B37AB15392_1_105_c.jpeg,768,1024,lbl1,163,464,283,588
4200FB7D-4853-4278-89B2-F6B37AB15392_1_105_c.jpeg,768,1024,lcd,306,482,469,536
4200FB7D-4853-4278-89B2-F6B37AB15392_1_105_c.jpeg,768,1024,lbl2,385,537,469,557
IMG_0196.jpg,768,1024,rsa,264,443,528,571
IMG_0196.jpg,768,1024,lcd,388,488,505,526
IMG_0196.jpg,768,1024,lbl1,285,461,366,544
IMG_0196.jpg,768,1024,lbl2,439,529,502,547
IMG_0161.jpg,768,1024,rsa,207,474,553,638
IMG_0161.jpg,768,1024,lcd,369,508,523,564
IMG_0161.jpg,768,1024,lbl1,233,495,344,607
IMG_0161.jpg,768,1024,lbl2,443,561,524,584
2021-08-15T13_44_31Z_full.jpg,640,480,rsa,144,195,483,355
2021-08-15T13_44_31Z_full.jpg,640,480,lcd,304,252,457,299
2021-08-15T13_44_31Z_full.jpg,640,480,lbl1,169,222,276,333
2021-08-15T13_44_31Z_full.jpg,640,480,lbl2,371,306,454,326
IMG_0152.jpg,768,1024,rsa,207,398,534,555
IMG_0152.jpg,768,1024,lcd,355,452,504,507
IMG_0152.jpg,768,1024,lbl1,231,418,332,518
IMG_0152.jpg,768,1024,lbl2,415,507,497,531
IMG_0160.jpg,768,1024,rsa,322,641,622,809
IMG_0160.jpg,768,1024,lcd,460,711,597,774
IMG_0160.jpg,768,1024,lbl1,346,665,439,769
IMG_0160.jpg,768,1024,lbl2,515,767,587,800
B6237159-F787-4165-B92A-6E2F7ED99EC9_1_105_c.jpeg,768,1024,rsa,426,572,599,656
B6237159-F787-4165-B92A-6E2F7ED99EC9_1_105_c.jpeg,768,1024,lbl1,434,583,489,645
B6237159-F787-4165-B92A-6E2F7ED99EC9_1_105_c.jpeg,768,1024,lcd,502,603,585,634
B6237159-F787-4165-B92A-6E2F7ED99EC9_1_105_c.jpeg,768,1024,lbl2,538,632,582,649
IMG_0139.jpg,768,1024,rsa,336,565,470,631
IMG_0139.jpg,768,1024,lcd,397,586,459,606
IMG_0139.jpg,768,1024,lbl1,345,574,387,614
IMG_0139.jpg,768,1024,lbl2,424,607,456,617
photo7.jpg,1920,1080,rsa,912,595,1503,872
photo7.jpg,1920,1080,lbl1,966,636,1153,829
photo7.jpg,1920,1080,lcd,1197,694,1457,769
photo7.jpg,1920,1080,lbl2,1313,783,1452,817
IMG_0445.JPEG,1773,1773,rsa,703,752,1317,1191
IMG_0445.JPEG,1773,1773,lbl1,1065,793,1265,996
IMG_0445.JPEG,1773,1773,lcd,765,926,1044,1115
IMG_0445.JPEG,1773,1773,lbl2,751,931,894,1026
4C399015-C7B3-4DD8-BB9A-1834258BB927_1_105_c.jpeg,768,1024,rsa,275,557,374,612
4C399015-C7B3-4DD8-BB9A-1834258BB927_1_105_c.jpeg,768,1024,lbl1,280,565,313,598
4C399015-C7B3-4DD8-BB9A-1834258BB927_1_105_c.jpeg,768,1024,lcd,320,578,365,599
4C399015-C7B3-4DD8-BB9A-1834258BB927_1_105_c.jpeg,768,1024,lbl2,338,596,363,606
IMG_0246.jpg,768,1024,rsa,185,557,477,703
IMG_0246.jpg,768,1024,lcd,320,603,453,649
IMG_0246.jpg,768,1024,lbl1,206,577,300,673
IMG_0246.jpg,768,1024,lbl2,380,651,451,674
2021-11-13T20_05_20Z_full.jpg,1088,1088,rsa,73,221,435,517
2021-11-13T20_05_20Z_full.jpg,1088,1088,lbl1,99,249,223,370
2021-11-13T20_05_20Z_full.jpg,1088,1088,lcd,229,343,394,472
2021-11-13T20_05_20Z_full.jpg,1088,1088,lbl2,279,433,360,494
5D05D2BE-6199-4CDA-BD31-9FE6BE0CFB68_1_105_c.jpeg,768,1024,rsa,221,409,519,549
5D05D2BE-6199-4CDA-BD31-9FE6BE0CFB68_1_105_c.jpeg,768,1024,lbl1,241,431,338,529
5D05D2BE-6199-4CDA-BD31-9FE6BE0CFB68_1_105_c.jpeg,768,1024,lcd,360,461,495,503
5D05D2BE-6199-4CDA-BD31-9FE6BE0CFB68_1_105_c.jpeg,768,1024,lbl2,419,507,491,526
IMG_0239.jpg,768,1024,rsa,168,272,610,477
IMG_0239.jpg,768,1024,lcd,369,331,579,394
IMG_0239.jpg,768,1024,lbl1,199,301,336,445
IMG_0239.jpg,768,1024,lbl2,464,402,571,427
IMG_0490.JPEG,1773,1773,rsa,600,667,1549,1496
IMG_0490.JPEG,1773,1773,lcd,703,767,1132,1137
IMG_0490.JPEG,1773,1773,lbl1,1127,1069,1481,1415
IMG_0490.JPEG,1773,1773,lbl2,801,707,1016,886
IMG_0188.jpg,768,1024,rsa,313,554,447,618
IMG_0188.jpg,768,1024,lcd,374,573,435,593
IMG_0188.jpg,768,1024,lbl1,320,560,365,607
IMG_0188.jpg,768,1024,lbl2,399,594,435,603
DCB15143-16B1-4A5A-9B5F-4DD7F09706A2_1_105_c.jpeg,768,1024,rsaback,334,485,541,586
IMG_0141.jpg,768,1024,rsa,347,534,525,620
IMG_0141.jpg,768,1024,lcd,428,560,510,587
IMG_0141.jpg,768,1024,lbl1,360,544,414,600
IMG_0141.jpg,768,1024,lbl2,463,589,508,602
IMG_0150.jpg,768,1024,rsa,526,1024,768,1024
IMG_0150.jpg,768,1024,lcd,768,1024,768,1024
IMG_0150.jpg,768,1024,lbl1,666,1024,768,1024
IMG_0150.jpg,768,1024,lbl2,768,1024,768,1024
IMG_0150.jpg,768,1024,rsa,138,651,592,979
IMG_0150.jpg,768,1024,lbl1,169,684,318,842
IMG_0150.jpg,768,1024,lcd,334,774,545,916
IMG_0150.jpg,768,1024,lbl2,411,882,525,951
1B86C987-563F-42F4-86D1-ED2E74D210AB_1_105_c.jpeg,768,1024,rsa,291,562,540,679
1B86C987-563F-42F4-86D1-ED2E74D210AB_1_105_c.jpeg,768,1024,lbl1,308,579,385,661
1B86C987-563F-42F4-86D1-ED2E74D210AB_1_105_c.jpeg,768,1024,lcd,405,605,520,644
1B86C987-563F-42F4-86D1-ED2E74D210AB_1_105_c.jpeg,768,1024,lbl2,454,645,520,662
IMG_0453.JPEG,1773,1773,rsa,525,509,1244,864
IMG_0453.JPEG,1773,1773,lbl1,570,556,795,775
IMG_0453.JPEG,1773,1773,lcd,851,631,1182,752
IMG_0453.JPEG,1773,1773,lbl2,989,755,1165,806
IMG_0201.jpg,768,1024,rsa,279,424,544,544
IMG_0201.jpg,768,1024,lcd,398,451,520,482
IMG_0201.jpg,768,1024,lbl1,296,437,379,506
IMG_0201.jpg,768,1024,lbl2,451,484,518,499
IMG_0238.jpg,768,1024,rsa,185,480,768,786
IMG_0238.jpg,768,1024,lcd,486,581,768,671
IMG_0238.jpg,768,1024,lbl1,232,532,434,741
IMG_0238.jpg,768,1024,lbl2,616,681,768,718
photo4.jpg,1920,1080,rsa,410,298,923,546
photo4.jpg,1920,1080,lbl1,448,335,607,503
photo4.jpg,1920,1080,lcd,647,372,878,440
photo4.jpg,1920,1080,lbl2,752,453,873,478
IMG_0186.jpg,768,1024,rsa,234,461,517,597
IMG_0186.jpg,768,1024,lcd,365,489,493,531
IMG_0186.jpg,768,1024,lbl1,255,478,344,562
IMG_0186.jpg,768,1024,lbl2,425,530,493,545
2021-08-12T02_08_14Z_full.jpg,640,480,rsa,108,171,508,361
2021-08-12T02_08_14Z_full.jpg,640,480,lcd,296,240,476,294
2021-08-12T02_08_14Z_full.jpg,640,480,lbl1,140,201,264,329
2021-08-12T02_08_14Z_full.jpg,640,480,lbl2,376,301,472,328
BB85EEEC-58CE-4C2C-B2EF-B9447976BEE0_1_105_c.jpeg,768,1024,rsa,358,216,526,570
BB85EEEC-58CE-4C2C-B2EF-B9447976BEE0_1_105_c.jpeg,768,1024,lbl1,383,240,497,360
BB85EEEC-58CE-4C2C-B2EF-B9447976BEE0_1_105_c.jpeg,768,1024,lcd,422,387,475,545
BB85EEEC-58CE-4C2C-B2EF-B9447976BEE0_1_105_c.jpeg,768,1024,lbl2,398,463,422,545
IMG_0226.jpg,768,1024,rsa,287,580,508,687
IMG_0226.jpg,768,1024,lcd,385,611,487,642
IMG_0226.jpg,768,1024,lbl1,301,594,371,661
IMG_0226.jpg,768,1024,lbl2,431,645,485,659
2021-11-13T20_04_08Z_full.jpg,1088,1088,rsa,150,383,507,627
2021-11-13T20_04_08Z_full.jpg,1088,1088,lbl1,363,483,482,599
2021-11-13T20_04_08Z_full.jpg,1088,1088,lcd,186,426,349,528
2021-11-13T20_04_08Z_full.jpg,1088,1088,lbl2,207,398,295,447
IMG_0452.JPEG,1773,1773,rsa,435,502,976,1082
IMG_0452.JPEG,1773,1773,lbl1,471,545,668,759
IMG_0452.JPEG,1773,1773,lcd,651,748,884,1017
IMG_0452.JPEG,1773,1773,lbl2,689,910,800,1034
2021-10-23T07_19_56Z_full.jpg,1920,1080,rsa,248,5,1502,391
2021-10-23T07_19_56Z_full.jpg,1920,1080,lcd,835,17,1402,186
2021-10-23T07_19_56Z_full.jpg,1920,1080,lbl1,339,1,728,306
2021-10-23T07_19_56Z_full.jpg,1920,1080,lbl2,1084,214,1386,285
IMG_0190.jpg,768,1024,rsa,207,416,606,596
IMG_0190.jpg,768,1024,lcd,385,459,569,509
IMG_0190.jpg,768,1024,lbl1,233,437,355,551
IMG_0190.jpg,768,1024,lbl2,469,516,572,539
C2411466-5F6D-4D4B-A4F4-98C327A7D505_1_105_c.jpeg,768,1024,rsaback,264,434,544,568
2021-11-13T20_06_19Z_full.jpg,1088,1088,rsa,509,436,1088,700
2021-11-13T20_06_19Z_full.jpg,1088,1088,lbl1,555,481,731,664
2021-11-13T20_06_19Z_full.jpg,1088,1088,lcd,780,531,1040,609
2021-11-13T20_06_19Z_full.jpg,1088,1088,lbl2,897,622,1034,654
IMG_0477.JPEG,1773,1773,rsa,305,1036,1136,1431
IMG_0477.JPEG,1773,1773,lbl1,354,1090,624,1375
IMG_0477.JPEG,1773,1773,lcd,692,1175,1073,1298
IMG_0477.JPEG,1773,1773,lbl2,860,1310,1062,1359
2021-08-13T21_16_10Z_full.jpg,640,480,rsa,135,162,476,328
2021-08-13T21_16_10Z_full.jpg,640,480,lcd,294,216,450,262
2021-08-13T21_16_10Z_full.jpg,640,480,lbl1,159,190,267,301
2021-08-13T21_16_10Z_full.jpg,640,480,lbl2,365,268,447,290
IMG_0155.jpg,768,1024,rsa,250,469,586,630
IMG_0155.jpg,768,1024,lcd,409,503,560,558
IMG_0155.jpg,768,1024,lbl1,276,493,386,602
IMG_0155.jpg,768,1024,lbl2,482,555,563,576
IMG_0204.jpg,768,1024,rsa,251,490,634,670
IMG_0204.jpg,768,1024,lcd,427,538,601,586
IMG_0204.jpg,768,1024,lbl1,278,512,397,628
IMG_0204.jpg,768,1024,lbl2,510,594,604,616
IMG_0177.jpg,768,1024,rsa,214,501,440,608
IMG_0177.jpg,768,1024,lcd,318,528,418,559
IMG_0177.jpg,768,1024,lbl1,228,515,299,584
IMG_0177.jpg,768,1024,lbl2,363,562,417,575
2021-11-13T20_06_08Z_full.jpg,1088,1088,rsa,510,438,1083,705
2021-11-13T20_06_08Z_full.jpg,1088,1088,lbl1,554,481,732,664
2021-11-13T20_06_08Z_full.jpg,1088,1088,lcd,783,533,1038,612
2021-11-13T20_06_08Z_full.jpg,1088,1088,lbl2,897,620,1034,651
IMG_0454.JPEG,1773,1773,rsa,403,601,1136,953
IMG_0454.JPEG,1773,1773,lbl1,454,653,709,904
IMG_0454.JPEG,1773,1773,lcd,771,728,1084,829
IMG_0454.JPEG,1773,1773,lbl2,917,845,1073,885
IMG_0224.jpg,768,1024,rsa,209,615,522,767
IMG_0224.jpg,768,1024,lcd,354,661,494,708
IMG_0224.jpg,768,1024,lbl1,233,640,330,743
IMG_0224.jpg,768,1024,lbl2,420,713,495,732
2021-11-13T20_06_36Z_full.jpg,1088,1088,rsa,510,439,1088,704
2021-11-13T20_06_36Z_full.jpg,1088,1088,lbl1,555,477,733,662
2021-11-13T20_06_36Z_full.jpg,1088,1088,lcd,782,534,1038,610
2021-11-13T20_06_36Z_full.jpg,1088,1088,lbl2,898,622,1034,655
74D4EE8C-C6AB-4F1D-BB88-9D3AE055BC32_1_105_c.jpeg,768,1024,rsa,307,383,493,744
74D4EE8C-C6AB-4F1D-BB88-9D3AE055BC32_1_105_c.jpeg,768,1024,lbl1,352,407,459,518
74D4EE8C-C6AB-4F1D-BB88-9D3AE055BC32_1_105_c.jpeg,768,1024,lbl2,321,612,347,700
74D4EE8C-C6AB-4F1D-BB88-9D3AE055BC32_1_105_c.jpeg,768,1024,lcd,352,547,411,711
CD13EB07-62E1-43A9-8ED2-882C6AEA10DB_1_105_c.jpeg,768,1024,rsa,264,465,480,704
CD13EB07-62E1-43A9-8ED2-882C6AEA10DB_1_105_c.jpeg,768,1024,lbl1,283,592,372,685
CD13EB07-62E1-43A9-8ED2-882C6AEA10DB_1_105_c.jpeg,768,1024,lcd,360,483,445,593
CD13EB07-62E1-43A9-8ED2-882C6AEA10DB_1_105_c.jpeg,768,1024,lbl2,423,511,461,567
2021-08-13T21_18_11Z_full.jpg,640,480,rsa,136,165,475,327
2021-08-13T21_18_11Z_full.jpg,640,480,lcd,294,215,448,266
2021-08-13T21_18_11Z_full.jpg,640,480,lbl1,160,190,270,301
2021-08-13T21_18_11Z_full.jpg,640,480,lbl2,365,268,446,289
IMG_0447.JPEG,1773,1773,rsa,706,580,1295,1099
IMG_0447.JPEG,1773,1773,lbl1,757,629,963,829
IMG_0447.JPEG,1773,1773,lcd,963,786,1230,1015
IMG_0447.JPEG,1773,1773,lbl2,1030,937,1173,1053
IMG_0137.jpg,768,1024,rsa,271,510,518,626
IMG_0137.jpg,768,1024,lcd,383,542,496,577
IMG_0171.jpg,768,1024,rsa,295,653,571,799
IMG_0171.jpg,768,1024,lcd,418,722,547,772
IMG_0171.jpg,768,1024,lbl1,314,687,398,770
IMG_0171.jpg,768,1024,lbl2,473,769,541,793
IMG_0214.jpg,768,1024,rsa,269,413,475,512
IMG_0214.jpg,768,1024,lcd,362,444,457,472
IMG_0214.jpg,768,1024,lbl1,284,428,348,494
IMG_0214.jpg,768,1024,lbl2,404,477,453,489
9E10836D-3710-4E51-8C9E-4F18E40FFCA8_1_105_c.jpeg,768,1024,rsa,320,216,468,524
9E10836D-3710-4E51-8C9E-4F18E40FFCA8_1_105_c.jpeg,768,1024,lbl1,344,239,446,335
9E10836D-3710-4E51-8C9E-4F18E40FFCA8_1_105_c.jpeg,768,1024,lbl2,357,429,375,502
9E10836D-3710-4E51-8C9E-4F18E40FFCA8_1_105_c.jpeg,768,1024,lcd,379,365,424,502
08552FF0-723A-41F0-B759-A41454C19BF7_1_105_c.jpeg,768,1024,rsaback,187,446,502,599
IMG_0136.jpg,768,1024,rsa,219,447,490,618
IMG_0136.jpg,768,1024,lcd,336,473,468,538
IMG_0136.jpg,768,1024,lbl1,241,500,332,582
IMG_0136.jpg,768,1024,lbl2,408,504,471,538
5B5CBB21-D8E9-4364-AD95-14B88AFFA4A8_1_105_c.jpeg,768,1024,rsa,150,469,505,634
5B5CBB21-D8E9-4364-AD95-14B88AFFA4A8_1_105_c.jpeg,768,1024,lbl1,172,494,284,610
5B5CBB21-D8E9-4364-AD95-14B88AFFA4A8_1_105_c.jpeg,768,1024,lcd,313,510,476,563
5B5CBB21-D8E9-4364-AD95-14B88AFFA4A8_1_105_c.jpeg,768,1024,lbl2,388,567,478,589
IMG_0162.jpg,768,1024,rsa,240,488,511,617
IMG_0162.jpg,768,1024,lcd,365,530,498,573
IMG_0162.jpg,768,1024,lbl1,259,508,349,604
IMG_0162.jpg,768,1024,lbl2,429,574,494,594
IMG_0158.jpg,768,1024,rsa,169,262,519,424
IMG_0158.jpg,768,1024,lcd,334,328,490,374
IMG_0158.jpg,768,1024,lbl1,195,292,304,410
IMG_0158.jpg,768,1024,lbl2,402,382,485,401
IMG_0242.jpg,768,1024,rsa,108,505,495,693
IMG_0242.jpg,768,1024,lcd,288,560,462,618
IMG_0242.jpg,768,1024,lbl1,139,532,255,662
IMG_0242.jpg,768,1024,lbl2,365,623,461,645
2021-10-28T03_43_00Z_full.jpg,1920,1080,rsa,251,2,1511,419
2021-10-28T03_43_00Z_full.jpg,1920,1080,lcd,837,43,1408,212
2021-10-28T03_43_00Z_full.jpg,1920,1080,lbl1,347,7,739,331
2021-10-28T03_43_00Z_full.jpg,1920,1080,lbl2,1099,239,1397,304
IMG_0154.jpg,768,1024,rsa,274,545,546,702
IMG_0154.jpg,768,1024,lcd,394,571,525,629
IMG_0154.jpg,768,1024,lbl1,294,584,382,673
IMG_0154.jpg,768,1024,lbl2,462,614,528,636
IMG_0173.jpg,768,1024,rsa,183,544,561,723
IMG_0173.jpg,768,1024,lcd,357,614,529,670
IMG_0173.jpg,768,1024,lbl1,207,577,322,700
IMG_0173.jpg,768,1024,lbl2,429,676,524,701
0D7EFC81-91FE-40CA-BDAA-C37202A5FC48_1_105_c.jpeg,768,1024,rsa,150,528,546,715
0D7EFC81-91FE-40CA-BDAA-C37202A5FC48_1_105_c.jpeg,768,1024,lcd,332,595,511,651
0D7EFC81-91FE-40CA-BDAA-C37202A5FC48_1_105_c.jpeg,768,1024,lbl1,177,557,301,686
0D7EFC81-91FE-40CA-BDAA-C37202A5FC48_1_105_c.jpeg,768,1024,lbl2,411,660,509,683
2021-10-22T01_29_45Z_full.jpg,1920,1080,rsa,243,3,1511,385
2021-10-22T01_29_45Z_full.jpg,1920,1080,lcd,828,12,1395,191
2021-10-22T01_29_45Z_full.jpg,1920,1080,lbl1,341,2,727,299
2021-10-22T01_29_45Z_full.jpg,1920,1080,lbl2,1086,215,1388,290
IMG_0156.jpg,768,1024,rsa,212,536,624,729
IMG_0156.jpg,768,1024,lcd,401,578,587,638
IMG_0156.jpg,768,1024,lbl1,240,557,370,682
IMG_0156.jpg,768,1024,lbl2,488,638,591,661
2021-10-22T00_28_23Z_full.jpg,1920,1080,rsa,252,3,1508,388
2021-10-22T00_28_23Z_full.jpg,1920,1080,lcd,835,23,1397,188
2021-10-22T00_28_23Z_full.jpg,1920,1080,lbl1,338,4,736,304
2021-10-22T00_28_23Z_full.jpg,1920,1080,lbl2,1089,216,1389,289
4610E934-388E-4AD8-AF15-D44B28F96D8B_1_105_c.jpeg,768,1024,rsaback,350,505,465,565
E687BC7B-1432-4EC4-AD34-5F14776FD6CF_1_105_c.jpeg,768,1024,lbl1,257,543,578,693
E687BC7B-1432-4EC4-AD34-5F14776FD6CF_1_105_c.jpeg,768,1024,lbl1,279,563,382,671
E687BC7B-1432-4EC4-AD34-5F14776FD6CF_1_105_c.jpeg,768,1024,lcd,406,587,549,633
E687BC7B-1432-4EC4-AD34-5F14776FD6CF_1_105_c.jpeg,768,1024,lbl2,471,636,550,656
2021-10-27T22_00_02Z_full.jpg,1920,1080,rsa,254,2,1509,412
2021-10-27T22_00_02Z_full.jpg,1920,1080,lcd,843,40,1408,211
2021-10-27T22_00_02Z_full.jpg,1920,1080,lbl1,346,1,742,332
2021-10-27T22_00_02Z_full.jpg,1920,1080,lbl2,1098,235,1398,300
IMG_0432.JPEG,1773,1773,rsa,455,607,1201,963
IMG_0432.JPEG,1773,1773,lbl1,509,653,746,898
IMG_0432.JPEG,1773,1773,lcd,811,715,1143,810
IMG_0432.JPEG,1773,1773,lbl2,963,825,1144,866
IMG_0167.jpg,768,1024,rsa,311,560,502,652
IMG_0167.jpg,768,1024,lcd,398,591,486,618
IMG_0167.jpg,768,1024,lbl1,325,573,385,635
IMG_0167.jpg,768,1024,lbl2,436,618,485,635
IMG_0234.jpg,768,1024,rsa,98,566,768,905
IMG_0234.jpg,768,1024,lcd,423,703,740,799
IMG_0234.jpg,768,1024,lbl1,150,627,367,863
IMG_0234.jpg,768,1024,lbl2,565,810,735,856
IMG_0236.jpg,768,1024,rsa,249,455,590,613
IMG_0236.jpg,768,1024,lcd,406,490,561,550
IMG_0236.jpg,768,1024,lbl1,272,477,382,591
IMG_0236.jpg,768,1024,lbl2,477,545,560,569
IMG_0144.jpg,768,1024,rsa,306,406,543,625
IMG_0144.jpg,768,1024,lcd,400,485,513,584
IMG_0144.jpg,768,1024,lbl1,326,419,410,496
IMG_0144.jpg,768,1024,lbl2,426,547,481,597
